Size,Manual,Numpy,SCS,Best Speedup,Worst Speedup
512,0.4629686673482259,0.0020558039347330728,0.15011819203694662,3.5559022155523086,2.6734647274784464
1024,2.5067997773488364,0.003183126449584961,0.7789909839630127,5.219915463820301,2.039255065645631
2048,6.704926570256551,0.0017943382263183594,1.837300141652425,4.574487824150564,2.737200690540135
4096,33.534886519114174,0.00792678197224935,8.673704147338867,4.842430677949178,2.5756118249505198
8192,97.59670615196228,0.027066946029663086,27.34279767672221,4.822227383427741,2.73278430118881
16384,376.908903837204,0.12419740358988444,100.7485207716624,4.341511999413168,3.0388288416874256
32768,2130.7948087851205,1.384344259897868,1348.8148566087086,1.6442152968005126,1.5044971563636378
